,,
Code,product name,cost
E107746,S-OIL 7 GOLD #9 PAO C3 0W-40 (1x12)," 6,760.00 "
E107745,S-OIL 7 GOLD #9 PAO C3 0W-40 (200)," 1,220,960.00 "
E107742,S-OIL 7 GOLD #9 PAO C3 5W-30 (4x4)," 14,144.00 "
E107761,S-OIL 7 GOLD #9 C3 5W-40 (1x12)," 3,952.00 "
E107757,S-OIL 7 GOLD #9 C3 5W-40 (4x4)," 14,768.00 "
E107759,S-OIL 7 GOLD #9 C3 5W-40 (200)," 680,160.00 "
E107618,S-OIL 7 RED #9 SN 5W-40 (1x12)," 3,517.97 "
E107616,S-OIL 7 RED #9 SN 5W-40 (4x4)," 13,098.46 "
E107612,S-OIL 7 RED #9 SN 5W-40 (200)," 598,839.45 "
E107635,S-OIL 7 RED #9 SN 10W-40 (1x12)," 3,371.65 "
E107633,S-OIL 7 RED #9 SN 10W-40 (4x4)," 12,514.40 "
E107634,S-OIL 7 RED #9 SN 10W-40 (200)," 589,203.72 "
E107776,S-OIL 7 GOLD #9 A3/B4 5W-30 (1x12)," 2,912.00 "
E107772,S-OIL 7 GOLD #9 A3/B4 5W-30 (5x3)," 15,600.00 "
E107755,S-OIL 7 GOLD #9 ECO C3 5W-30 (1x12)," 3,120.00 "
E107751,S-OIL 7 GOLD #9 ECO C3 5W-30 (5x3)," 18,151.59 "
E107753,S-OIL 7 GOLD #9 ECO C3 5W-30 (200)," 483,600.00 "
E107881,S-OIL 7 BLUE #7 CI-4/SL 10W-40 (1x12)," 2,080.00 "
E107877,S-OIL 7 BLUE #7 CI-4/SL 10W-40 (5x3)," 9,672.00 "
E107880,S-OIL 7 BLUE #7 CI-4/SL 10W-40 (20)," 36,920.00 "
E107879,S-OIL 7 BLUE #7 CI-4/SL 10W-40 (200)," 348,400.00 "
E107848,S-OIL 7 BLUE #9 CI-4/SL 15W-40 (1x12)," 2,184.00 "
E107844,S-OIL 7 BLUE #9 CI-4/SL 15W-40 (5x3)," 9,984.00 "
E107847,S-OIL 7 BLUE #9 CI-4/SL 15W-40 (20)," 37,960.00 "
E107846,S-OIL 7 BLUE #9 CI-4/SL 15W-40 (200)," 348,400.00 "
E107826,S-OIL 7 BLUE #7 CI-4/SL 15W-40(5x3)," 10,920.00 "
E107830,S-OIL 7 BLUE #7 CI-4/SL 15W-40 (20)," 41,080.00 "
E107828,S-OIL 7 BLUE #7 CI-4/SL 15W-40(200)," 380,640.00 "
E108166,S-OIL 7 BLUE #7 CI-4 20W-50 (5x3),
E108163,S-OIL 7 BLUE #7 CI-4/SL 20W-50 (20),
E107903,S-OIL 7 BLUE #7 CI-4/SL 20W-50 (200),
E107966,S-OIL 7 BLUE #5 CF 50 (5x3)," 8,840.00 "
E107963,S-OIL 7 BLUE #5 CF 50 (J25)," 46,800.00 "
E107967,S-OIL 7 BLUE #5 CF 50 (200)," 316,160.00 "
962221,HYDRO FLUID AW 68 (20L/ST PL)," 40,772.25 "
E107074,HYDRO FLUID AW 68 (200L DM)," 448,453.12 "
E107821,S-OIL 7 CLEAN (4x4)," 7,488.00 "
E108012,S-OIL 7 4T RIDER #9 MA2 10W-40 (1x12)," 2,392.00 "
E107993,S-OIL 7 ATF III (1x12)," 3,348.09 "
E107991,S-OIL 7 ATF III (200)," 475,184.35 "
E107983,S-OIL 7 ATF VI (1x12)," 4,553.40 "
E107981,S-OIL 7 ATF VI (4x4)," 17,238.93 "
E108087,S-OIL 7 ATF VI (200)," 671,197.29 "
E107799,S-OIL 7 GEAR HD 85W-140 (20)," 63,440.00 "
E107798,S-OIL 7 GEAR HD 85W-140 (200)," 730,403.69 "
E107807,S-OIL 7 GEAR HD 80W-90 (1x12)," 3,773.42 "
E107806,S-OIL 7 GEAR HD 80W-90 (20)," 56,427.23 "
E107805,S-OIL 7 GEAR HD 80W-90 (200)," 543,920.00 "
976874,S-OIL EP GREASE 2 (1KG/ST¡¿16 CB),
976892,S-OIL EP GREASE 2 (180KG DM),
976992,S-OIL EP GREASE 3 (180KG DM),
976374,S-OIL MP GREASE 3 (1KG/STx16 CB),
976375,S-OIL MP GREASE 3 (3KG/ST¡¿6 CB),
976371,S-OIL MP GREASE 3 (15KG PL),
976392,S-OIL MP GREASE 3 (180KG DM),
970340,S-OIL SUPER COOLANT 30% (200L DM),
970164,S-OIL SUPER COOLANT LL (3L/PS¡¿4 CB)," 10,920.00 "
970464,S-OIL SUPER COOLANT (3L/PS¡¿4 CB),
970116,S-OIL BRAKE FLUID DOT 4 (0.5L/PS¡¿20CB)," 2,600.00 "
E107744,S-OIL 7 GOLD #9 PAO C3 5W-30 (1x12), -   
E107725,S-OIL 7 RED #5 SF/CF 20W-50 (5x3), -   
E107729,S-OIL 7 RED #5 SF/CF 20W-50 (200), -   
E107910,S-OIL 7 BLUE #5 CI-4/SL 15W-40 (5x3), -   
E107928,S-OIL 7 BLUE #5 CH-4/SJ 15W-40 (5x3), -   
E107949,S-OIL 7 BLUE #5 CF-4/SG 15W-40 (5x3), -   
E107913,S-OIL 7 BLUE #5 CI-4/SL 15W-40 (20), -   
E107912,S-OIL 7 BLUE #5 CI-4/SL 15W-40 (200), -   
E107920,S-OIL 7 BLUE #5 CH-4/SJ 20W-50 (20), -   
E107945,S-OIL 7 BLUE #5 CF-4/SG 20W-50 (20), -   
E107974,S-OIL 7 BLUE #5 CD/SF 20W-50 (20), -   
E107918,S-OIL 7 BLUE #5 CH-4/SJ 20W-50 (4x4), -   
E107943,S-OIL 7 BLUE #5 CF-4/SG 20W-50 (4x4), -   
E107942,S-OIL 7 BLUE #5 CF-4/SG 20W-50 (5x3), -   
E107944,S-OIL 7 BLUE #5 CF-4/SG 20W-50 (200), -   
E107871,S-OIL 7 BLUE #7 CI-4/SL 20W-50 (4x4)," 8,112.00 "
E107870,S-OIL 7 BLUE #7 CI-4/SL 20W-50 (P18)," 34,944.00 "
E107903,S-OIL 7 BLUE #7 CI-4/SL 20W-50 (200)," 334,880.00 "
